﻿Type,Country Code,Series Code,Description
Country-Series,Afghanistan (AFG),"Foreign direct investment, net inflows in reporting economy (DRS, current US$) (BX.KLT.DINV.CD.DT)",Data on Foreign Direct Investment are based on Balance of Payments reported by the International Monetary Fund. Unless otherwise specified in the specific years.
Country-Series,Afghanistan (AFG),"External debt stocks, total (DOD, current US$) (DT.DOD.DECT.CD)",Long-term public and publicly guaranteed and long-term private nonguaranteed debt data for 2019 are based on reports provided by the country. Short-term debt data for 2019 are sourced by the Quarterly External Debt Statistics database (http://datatopics.worldbank.org/debt/qeds). Data include the effects of Paris Club debt restructuring agreements signed in 2010 and HIPC and MDRI debt relief.
Country-Series,Angola (AGO),"Foreign direct investment, net inflows in reporting economy (DRS, current US$) (BX.KLT.DINV.CD.DT)",Data on Foreign Direct Investment are based on Balance of Payments reported by the International Monetary Fund. Unless otherwise specified in the specific years.
Country-Series,Angola (AGO),"External debt stocks, total (DOD, current US$) (DT.DOD.DECT.CD)",Long-term public and publicly guaranteed debt data  and long-term private nonguaranteed debt data for 2019 are based on reports provided by the country.  Short-term debt data for 2019 are sourced by the National Bank of Angola.
Country-Series,Albania (ALB),"Foreign direct investment, net inflows in reporting economy (DRS, current US$) (BX.KLT.DINV.CD.DT)",Data on Foreign Direct Investment are based on Balance of Payments reported by the International Monetary Fund. Unless otherwise specified in the specific years.
Country-Series,Albania (ALB),"External debt stocks, total (DOD, current US$) (DT.DOD.DECT.CD)",Long-term public and publicly guaranteed and long-term private nonguaranteed debt data for 2019 are based on reports provided by the country. Short-term debt data for 2019 are sourced by the Central Bank of Albania.
Country-Series,Argentina (ARG),"Foreign direct investment, net inflows in reporting economy (DRS, current US$) (BX.KLT.DINV.CD.DT)",Data on Foreign Direct Investment are based on Balance of Payments reported by the International Monetary Fund. Unless otherwise specified in the specific years.
Country-Series,Argentina (ARG),"External debt stocks, total (DOD, current US$) (DT.DOD.DECT.CD)",Long-term public and publicly guaranteed and long-term private nonguaranteed debt data for 2019 are based on reports provided by the country. Long-term private nonguaranteed debt data before 2008 are World Bank staff estimates. Short-term debt data for 2019 are sourced by the Quarterly External Debt Statistics database (http://datatopics.worldbank.org/debt/qeds).
Country-Series,Argentina (ARG),"External debt stocks, private nonguaranteed (PNG) (DOD, current US$) (DT.DOD.DPNG.CD)",Provincial debt for long-term private nonguaranteed debt data are World Bank staff estimates.
Country-Series,Armenia (ARM),"Foreign direct investment, net inflows in reporting economy (DRS, current US$) (BX.KLT.DINV.CD.DT)",Data on Foreign Direct Investment are based on Balance of Payments reported by the International Monetary Fund. Unless otherwise specified in the specific years.
Country-Series,Armenia (ARM),"External debt stocks, total (DOD, current US$) (DT.DOD.DECT.CD)",Long-term public and publicly guaranteed and long-term private nonguaranteed debt data for 2019 are based on reports provided by the country. Short-term debt data for 2019 are sourced by the Quarterly External Debt Statistics database (http://datatopics.worldbank.org/debt/qeds).
Country-Series,Azerbaijan (AZE),"Foreign direct investment, net inflows in reporting economy (DRS, current US$) (BX.KLT.DINV.CD.DT)",Data on Foreign Direct Investment are based on Balance of Payments reported by the International Monetary Fund. Unless otherwise specified in the specific years.
Country-Series,Azerbaijan (AZE),"External debt stocks, total (DOD, current US$) (DT.DOD.DECT.CD)",Long-term public and publicly guaranteed debt data for 2019 are based on reports provided by the country. Long-term private nonguaranteed debt data are World Bank staff estimates based on the market data. Short-term debt for 2019 is based on data from the BIS.
Country-Series,Burundi (BDI),"Foreign direct investment, net inflows in reporting economy (DRS, current US$) (BX.KLT.DINV.CD.DT)",Data on Foreign Direct Investment are based on Balance of Payments reported by the International Monetary Fund. Unless otherwise specified in the specific years.
Country-Series,Burundi (BDI),"External debt stocks, total (DOD, current US$) (DT.DOD.DECT.CD)",Long-term public and publicly guaranteed debt data for 2019 are World Bank staff estimates based on the original terms of the loans and creditors data. Long-term private nonguaranteed debt data are not available. Data include the effects of Paris Club debt restructuring agreement and HIPC and MDRI debt relief.
Country-Series,Benin (BEN),"Foreign direct investment, net inflows in reporting economy (DRS, current US$) (BX.KLT.DINV.CD.DT)",Data on Foreign Direct Investment are based on Balance of Payments reported by the International Monetary Fund. Unless otherwise specified in the specific years.
Country-Series,Benin (BEN),"External debt stocks, total (DOD, current US$) (DT.DOD.DECT.CD)",Long-term public and publicly guaranteed debt data for 2019 are based on reports provided by the country. Long-term private nonguaranteed debt data are not available. Short-term debt for 2019 is based on data from the BIS. Data include the effects of Paris Club debt restructuring agreement and HIPC and MDRI debt relief.
Country-Series,Burkina Faso (BFA),"Foreign direct investment, net inflows in reporting economy (DRS, current US$) (BX.KLT.DINV.CD.DT)",Data on Foreign Direct Investment are based on Balance of Payments reported by the International Monetary Fund. Unless otherwise specified in the specific years.
Country-Series,Burkina Faso (BFA),"External debt stocks, total (DOD, current US$) (DT.DOD.DECT.CD)",Long-term public and publicly guaranteed debt data for 2019 are based on reports provided by the country. Long-term private nonguaranteed for 2019 are World Bank staff estimates. Short-term debt data for 2019 is based on data from the BIS. Data include HIPC and MDRI debt relief.
Country-Series,Bangladesh (BGD),"Foreign direct investment, net inflows in reporting economy (DRS, current US$) (BX.KLT.DINV.CD.DT)",Data on Foreign Direct Investment are based on Balance of Payments reported by the International Monetary Fund. Unless otherwise specified in the specific years.
Country-Series,Bangladesh (BGD),"External debt stocks, total (DOD, current US$) (DT.DOD.DECT.CD)",Long-term public and publicly guaranteed debt data for 2019 are based on reports provided by the country. Long-term private nonguaranteed and short-term debt data for 2019 are sourced by the Quarterly External Debt Statistics database (http://datatopics.worldbank.org/debt/qeds).
Country-Series,Bulgaria (BGR),"Foreign direct investment, net inflows in reporting economy (DRS, current US$) (BX.KLT.DINV.CD.DT)",Data on Foreign Direct Investment are based on Balance of Payments reported by the International Monetary Fund. Unless otherwise specified in the specific years.
Country-Series,Bulgaria (BGR),"External debt stocks, total (DOD, current US$) (DT.DOD.DECT.CD)",Long-term public and publicly guaranteed debt data for 2019 are based on reports provided by the country. Long-term private nonguaranteed debt data from 2008 are World Bank staff estimates based on reports provided by the country. Short-term debt data for 2019 are sourced by the Quarterly External Debt Statistics database (http://datatopics.worldbank.org/debt/qeds).
Country-Series,Bosnia and Herzegovina (BIH),"Foreign direct investment, net inflows in reporting economy (DRS, current US$) (BX.KLT.DINV.CD.DT)",Data on Foreign Direct Investment are based on Balance of Payments reported by the International Monetary Fund. Unless otherwise specified in the specific years.
Country-Series,Bosnia and Herzegovina (BIH),"External debt stocks, total (DOD, current US$) (DT.DOD.DECT.CD)",Long-term public and publicly guaranteed debt data for 2019 are based on reports provided by the country. Long-term private nonguaranteed debt data from 2005 are World Bank staff estimates. Short-term debt for 2019 is based on data from the BIS.
Country-Series,Bosnia and Herzegovina (BIH),"External debt stocks, public and publicly guaranteed (PPG) (DOD, current US$) (DT.DOD.DPPG.CD)",Prior to 1999 data on long-term public and publicly guaranteed debt include only IBRD and IMF loans.
Country-Series,Belarus (BLR),"Foreign direct investment, net inflows in reporting economy (DRS, current US$) (BX.KLT.DINV.CD.DT)",Data on Foreign Direct Investment are based on Balance of Payments reported by the International Monetary Fund. Unless otherwise specified in the specific years.
Country-Series,Belarus (BLR),"External debt stocks, total (DOD, current US$) (DT.DOD.DECT.CD)",Long-term public and publicly guaranteed debt data for 2019 are based on reports provided by the country. Long-term private nonguaranteed and short-term debt data for 2019 are sourced by the Quarterly External Debt Statistics database (http://datatopics.worldbank.org/debt/qeds).
Country-Series,Belize (BLZ),"Foreign direct investment, net inflows in reporting economy (DRS, current US$) (BX.KLT.DINV.CD.DT)",Data on Foreign Direct Investment are based on Balance of Payments reported by the International Monetary Fund. Unless otherwise specified in the specific years.
Country-Series,Belize (BLZ),"External debt stocks, total (DOD, current US$) (DT.DOD.DECT.CD)",Long-term public and publicly guaranteed and long-term private nonguaranteed debt data for 2019 are based on reports provided by the country. Short-term debt data are not available.
Country-Series,Bolivia (BOL),"Foreign direct investment, net inflows in reporting economy (DRS, current US$) (BX.KLT.DINV.CD.DT)",Data on Foreign Direct Investment are based on Balance of Payments reported by the International Monetary Fund. Unless otherwise specified in the specific years.
Country-Series,Bolivia (BOL),"External debt stocks, total (DOD, current US$) (DT.DOD.DECT.CD)",Long-term public and publicly guaranteed and long-term private nonguaranteed debt data for 2019 are based on reports provided by the country. Short-term debt data for 2019 are sourced by the Quarterly External Debt Statistics database (http://datatopics.worldbank.org/debt/qeds). Data include the effects of HIPC and MDRI debt relief.
Country-Series,Brazil (BRA),"Foreign direct investment, net inflows in reporting economy (DRS, current US$) (BX.KLT.DINV.CD.DT)",Data on Foreign Direct Investment are based on Balance of Payments reported by the International Monetary Fund. Unless otherwise specified in the specific years.
Country-Series,Brazil (BRA),"External debt stocks, total (DOD, current US$) (DT.DOD.DECT.CD)",Long-term public and publicly guaranteed and long-term private nonguaranteed debt data for 2019 are based on reports provided by the country. Short-term debt data for 2019 are based on reports provided by the country.
Country-Series,Bhutan (BTN),"Foreign direct investment, net inflows in reporting economy (DRS, current US$) (BX.KLT.DINV.CD.DT)",Data on Foreign Direct Investment are based on Balance of Payments reported by the International Monetary Fund. Unless otherwise specified in the specific years.
Country-Series,Bhutan (BTN),"External debt stocks, total (DOD, current US$) (DT.DOD.DECT.CD)",Long-term public and publicly guaranteed and long-term private nonguaranteed debt data for 2019 are based on reports provided by the country. Short-term debt for 2019 is based on data from the BIS.
Country-Series,Botswana (BWA),"Foreign direct investment, net inflows in reporting economy (DRS, current US$) (BX.KLT.DINV.CD.DT)",Data on Foreign Direct Investment are based on Balance of Payments reported by the International Monetary Fund. Unless otherwise specified in the specific years.
Country-Series,Botswana (BWA),"External debt stocks, total (DOD, current US$) (DT.DOD.DECT.CD)",Long-term public and publicly guaranteed debt data for 2019 are based on reports provided by the country. Long-term private nonguaranteed debt data are World Bank staff estimates based on the market data. Short-term debt for 2019 is based on data from the BIS.
Country-Series,Central African Republic (CAF),"Foreign direct investment, net inflows in reporting economy (DRS, current US$) (BX.KLT.DINV.CD.DT)",Data on Foreign Direct Investment are based on Balance of Payments reported by the International Monetary Fund. Unless otherwise specified in the specific years.
Country-Series,Central African Republic (CAF),"External debt stocks, total (DOD, current US$) (DT.DOD.DECT.CD)",Long-term public and publicly guaranteed debt data for 2019 are based on reports provided by the country. Long-term private nonguaranteed debt data are not available. Short-term debt for 2019 is based on data from the BIS. Data include the effects of HIPC and MDRI debt relief.
Country-Series,China (CHN),"Foreign direct investment, net inflows in reporting economy (DRS, current US$) (BX.KLT.DINV.CD.DT)",Data on Foreign Direct Investment are based on Balance of Payments reported by the International Monetary Fund. Unless otherwise specified in the specific years.
Country-Series,China (CHN),"External debt stocks, total (DOD, current US$) (DT.DOD.DECT.CD)","Long-term public and publicly guaranteed, long-term private nonguaranteed, and short-term debt data for 2019 are World Bank staff estimates based on country aggregate reports."
Country-Series,Côte d'Ivoire (CIV),"Foreign direct investment, net inflows in reporting economy (DRS, current US$) (BX.KLT.DINV.CD.DT)",Data on Foreign Direct Investment are based on Balance of Payments reported by the International Monetary Fund. Unless otherwise specified in the specific years.
Country-Series,Côte d'Ivoire (CIV),"External debt stocks, total (DOD, current US$) (DT.DOD.DECT.CD)",Long-term public and publicly guaranteed debt data for 2019 are based on reports provided by the country. Long-term private nonguaranteed debt data for 2019 are World Bank staff estimates. Short-term debt for 2019 is based on data from the BIS. Data include the effects of Paris Club agreement signed in 2011 and 2012 and HIPC and MDRI debt relief.
Country-Series,Cameroon (CMR),"Foreign direct investment, net inflows in reporting economy (DRS, current US$) (BX.KLT.DINV.CD.DT)",Data on Foreign Direct Investment are based on Balance of Payments reported by the International Monetary Fund. Unless otherwise specified in the specific years.
Country-Series,Cameroon (CMR),"External debt stocks, total (DOD, current US$) (DT.DOD.DECT.CD)",Long-term public and publicly guaranteed and long-term private nonguaranteed debt data for 2019 are based on reports provided by the country. Short-term debt for 2019 is based on data from the BIS. Data include the effects of HIPC and MDRI debt relief.
Country-Series,"Congo, Dem. Rep. (COD)","Foreign direct investment, net inflows in reporting economy (DRS, current US$) (BX.KLT.DINV.CD.DT)",Data on Foreign Direct Investment are based on Balance of Payments reported by the International Monetary Fund. Unless otherwise specified in the specific years.
Country-Series,"Congo, Dem. Rep. (COD)","External debt stocks, total (DOD, current US$) (DT.DOD.DECT.CD)",Long-term public and publicly guaranteed debt data for 2019 are based on reports provided by the country. Long-term private nonguaranteed debt data are not available. Short-term debt for 2019 is based on data from the BIS. Data include the effects of Paris Club debt restructuring agreement and HIPC and MDRI debt relief.
Country-Series,"Congo, Rep. (COG)","Foreign direct investment, net inflows in reporting economy (DRS, current US$) (BX.KLT.DINV.CD.DT)",Data on Foreign Direct Investment are based on Balance of Payments reported by the International Monetary Fund. Unless otherwise specified in the specific years.
Country-Series,"Congo, Rep. (COG)","External debt stocks, total (DOD, current US$) (DT.DOD.DECT.CD)",Long-term public and publicly guaranteed debt data for 2019 are based on reports provided by the country and does not fully cover the debt contracted with the private creditors. Long-term private nonguaranteed debt data are not available. Short-term debt for 2019 is based on data from the BIS. Data include the effects of Paris Club debt restructuring agreement and HIPC and MDRI debt relief.
Country-Series,Colombia (COL),"Foreign direct investment, net inflows in reporting economy (DRS, current US$) (BX.KLT.DINV.CD.DT)",Data on Foreign Direct Investment are based on Balance of Payments reported by the International Monetary Fund. Unless otherwise specified in the specific years.
Country-Series,Colombia (COL),"External debt stocks, total (DOD, current US$) (DT.DOD.DECT.CD)",Long-term public and publicly guaranteed and long-term private nonguaranteed debt data for 2019 are based on reports provided by the country. Short-term debt data for 2019 are sourced by the Quarterly External Debt Statistics database (http://datatopics.worldbank.org/debt/qeds).
Country-Series,Comoros (COM),"Foreign direct investment, net inflows in reporting economy (DRS, current US$) (BX.KLT.DINV.CD.DT)",Data on Foreign Direct Investment are based on Balance of Payments reported by the International Monetary Fund. Unless otherwise specified in the specific years.
Country-Series,Comoros (COM),"External debt stocks, total (DOD, current US$) (DT.DOD.DECT.CD)",Long-term public and publicly guaranteed debt data for 2019 are based on reports provided by the country. Long-term private nonguaranteed debt and short-term debt data for 2019 are not available. Data include the effects of Paris Club debt restructuring agreements signed in 2010 and the HIPC debt relief.
Country-Series,Cabo Verde (CPV),"Foreign direct investment, net inflows in reporting economy (DRS, current US$) (BX.KLT.DINV.CD.DT)",Data on Foreign Direct Investment are based on Balance of Payments reported by the International Monetary Fund. Unless otherwise specified in the specific years.
Country-Series,Cabo Verde (CPV),"External debt stocks, total (DOD, current US$) (DT.DOD.DECT.CD)",Long-term public and publicly guaranteed debt data for 2019 are based on reports provided by the country. Long-term private nonguaranteed and short-term debt data are not available. Short-term debt for 2019 is based on data from the BIS.
Country-Series,Costa Rica (CRI),"Foreign direct investment, net inflows in reporting economy (DRS, current US$) (BX.KLT.DINV.CD.DT)",Data on Foreign Direct Investment are based on Balance of Payments reported by the International Monetary Fund. Unless otherwise specified in the specific years.
Country-Series,Costa Rica (CRI),"External debt stocks, total (DOD, current US$) (DT.DOD.DECT.CD)","Long-term public and publicly guaranteed, long-term private nonguaranteed, and short-term debt data for 2019 are based on reports provided by the country."
Country-Series,Djibouti (DJI),"Foreign direct investment, net inflows in reporting economy (DRS, current US$) (BX.KLT.DINV.CD.DT)",Data on Foreign Direct Investment are based on Balance of Payments reported by the International Monetary Fund. Unless otherwise specified in the specific years.
Country-Series,Djibouti (DJI),"External debt stocks, total (DOD, current US$) (DT.DOD.DECT.CD)",Long-term public and publicly guaranteed debt data for 2019 are based on reports provided by the country. Long-term private nonguaranteed debt data are not available. Short-term debt data for 2019 is sourced by the Quarterly External Debt Statistics database (http://datatopics.worldbank.org/debt/qeds).  Data include the effects of Paris Club debt restructuring agreement signed in 2008.
Country-Series,Dominica (DMA),"Foreign direct investment, net inflows in reporting economy (DRS, current US$) (BX.KLT.DINV.CD.DT)",Data on Foreign Direct Investment are based on Balance of Payments reported by the International Monetary Fund. Unless otherwise specified in the specific years.
Country-Series,Dominica (DMA),"External debt stocks, total (DOD, current US$) (DT.DOD.DECT.CD)",Long-term public and publicly guaranteed debt data for 2019 are based on reports provided by the country. Long-term private nonguaranteed debt data are not available. Short-term debt data for 2019 are sourced by the Quarterly External Debt Statistics database (http://datatopics.worldbank.org/debt/qeds).
Country-Series,Dominican Republic (DOM),"Foreign direct investment, net inflows in reporting economy (DRS, current US$) (BX.KLT.DINV.CD.DT)",Data on Foreign Direct Investment are based on Balance of Payments reported by the International Monetary Fund. Unless otherwise specified in the specific years.
Country-Series,Dominican Republic (DOM),"External debt stocks, total (DOD, current US$) (DT.DOD.DECT.CD)",Long-term public and publicly guaranteed and long-term private nonguaranteed debt debt data for 2019 are World Bank staff estimates based on the original terms of the loans and creditors data. Short-term debt for 2019 is based on data from the BIS. Data include the effects of Paris Club debt restructuring agreement signed in 2005.
Country-Series,Algeria (DZA),"Foreign direct investment, net inflows in reporting economy (DRS, current US$) (BX.KLT.DINV.CD.DT)",Data on Foreign Direct Investment are based on Balance of Payments reported by the International Monetary Fund. Unless otherwise specified in the specific years.
Country-Series,Algeria (DZA),"External debt stocks, total (DOD, current US$) (DT.DOD.DECT.CD)",Long-term public and publicly guaranteed and long-term private nonguaranteed debt data for 2019 are based on reports provided by the country.Short-term debt data for 2019 are based on reports provided by the country.
Country-Series,East Asia & Pacific (excluding high income) (EAP),"Foreign direct investment, net inflows in reporting economy (DRS, current US$) (BX.KLT.DINV.CD.DT)",Data on Foreign Direct Investment are based on Balance of Payments reported by the International Monetary Fund. Unless otherwise specified in the specific years.
Country-Series,Europe & Central Asia (excluding high income) (ECA),"Foreign direct investment, net inflows in reporting economy (DRS, current US$) (BX.KLT.DINV.CD.DT)",Data on Foreign Direct Investment are based on Balance of Payments reported by the International Monetary Fund. Unless otherwise specified in the specific years.
Country-Series,Ecuador (ECU),"Foreign direct investment, net inflows in reporting economy (DRS, current US$) (BX.KLT.DINV.CD.DT)",Data on Foreign Direct Investment are based on Balance of Payments reported by the International Monetary Fund. Unless otherwise specified in the specific years.
Country-Series,Ecuador (ECU),"External debt stocks, total (DOD, current US$) (DT.DOD.DECT.CD)",Long-term public and publicly guaranteed and long-term private nonguaranteed debt data for 2019 are based on reports provided by the country and does not cover the debt aroused from the advanced oil sales. Short-term debt for 2019 is based on Central Bank data.
Country-Series,"Egypt, Arab Rep. (EGY)","Foreign direct investment, net inflows in reporting economy (DRS, current US$) (BX.KLT.DINV.CD.DT)",Data on Foreign Direct Investment are based on Balance of Payments reported by the International Monetary Fund. Unless otherwise specified in the specific years.
Country-Series,"Egypt, Arab Rep. (EGY)","External debt stocks, total (DOD, current US$) (DT.DOD.DECT.CD)",Long-term public and publicly guaranteed and long-term private nonguaranteed debt data for 2019 are based on reports provided by the country. Short-term debt data for 2019 are sourced by the Quarterly External Debt Statistics database (http://datatopics.worldbank.org/debt/qeds).
Country-Series,Eritrea (ERI),"Foreign direct investment, net inflows in reporting economy (DRS, current US$) (BX.KLT.DINV.CD.DT)",Data on Foreign Direct Investment are based on Balance of Payments reported by the International Monetary Fund. Unless otherwise specified in the specific years.
Country-Series,Eritrea (ERI),"External debt stocks, total (DOD, current US$) (DT.DOD.DECT.CD)",Long-term public and publicly guaranteed debt data from 2010 are World Bank staff estimates. Long-term private nonguaranteed debt data are not available. Short-term debt for 2019 is based on data from the BIS.
Country-Series,Ethiopia (ETH),"Foreign direct investment, net inflows in reporting economy (DRS, current US$) (BX.KLT.DINV.CD.DT)",Data on Foreign Direct Investment are based on Balance of Payments reported by the International Monetary Fund. Unless otherwise specified in the specific years.
Country-Series,Ethiopia (ETH),"External debt stocks, total (DOD, current US$) (DT.DOD.DECT.CD)",Long-term public and publicly guaranteed debt data for 2019 are based on reports provided by the country. Long-term private nonguaranteed debt data are not available. Short-term debt for 2019 is based on data from the BIS. Data include the effects of HIPC and MDRI debt relief.
Country-Series,Fiji (FJI),"Foreign direct investment, net inflows in reporting economy (DRS, current US$) (BX.KLT.DINV.CD.DT)",Data on Foreign Direct Investment are based on Balance of Payments reported by the International Monetary Fund. Unless otherwise specified in the specific years.
Country-Series,Fiji (FJI),"External debt stocks, total (DOD, current US$) (DT.DOD.DECT.CD)",Long-term public and publicly guaranteed and long-term private nonguaranteed debt data for 2019 are based on reports provided by the country. Short-term debt for 2019 is based on data from the BIS.
Country-Series,Gabon (GAB),"Foreign direct investment, net inflows in reporting economy (DRS, current US$) (BX.KLT.DINV.CD.DT)",Data on Foreign Direct Investment are based on Balance of Payments reported by the International Monetary Fund. Unless otherwise specified in the specific years.
Country-Series,Gabon (GAB),"External debt stocks, total (DOD, current US$) (DT.DOD.DECT.CD)",Long-term public and publicly guaranteed debt data for 2019 are based on reports provided by the country. Long-term private nonguaranteed debt data are not available. Short-term debt for 2019 is based on data from the BIS. Data include the effects of Paris Club debt buyback agreement signed in 2007.
Country-Series,Georgia (GEO),"Foreign direct investment, net inflows in reporting economy (DRS, current US$) (BX.KLT.DINV.CD.DT)",Data on Foreign Direct Investment are based on Balance of Payments reported by the International Monetary Fund. Unless otherwise specified in the specific years.
Country-Series,Georgia (GEO),"External debt stocks, total (DOD, current US$) (DT.DOD.DECT.CD)",Long-term public and publicly guaranteed and long-term private nonguaranteed debt data for 2019 are based on reports provided by the country. Short-term debt data for 2019 are sourced by the Quarterly External Debt Statistics database (http://datatopics.worldbank.org/debt/qeds).
Country-Series,Ghana (GHA),"Foreign direct investment, net inflows in reporting economy (DRS, current US$) (BX.KLT.DINV.CD.DT)",Data on Foreign Direct Investment are based on Balance of Payments reported by the International Monetary Fund. Unless otherwise specified in the specific years.
Country-Series,Ghana (GHA),"External debt stocks, total (DOD, current US$) (DT.DOD.DECT.CD)",Long-term public and publicly guaranteed debt data for 2019 are World Bank staff estimates based on the original terms of the loans and creditors data. Long-term private nonguaranteed debt data only cover bonds. Short-term debt for 2019 is based on data from the BIS. Data include the effects of MDRI debt relief.
Country-Series,Guinea (GIN),"Foreign direct investment, net inflows in reporting economy (DRS, current US$) (BX.KLT.DINV.CD.DT)",Data on Foreign Direct Investment are based on Balance of Payments reported by the International Monetary Fund. Unless otherwise specified in the specific years.
Country-Series,Guinea (GIN),"External debt stocks, total (DOD, current US$) (DT.DOD.DECT.CD)",Long-term public and publicly guaranteed debt data for 2019 are based on reports provided by the country. Long-term private nonguaranteed debt data are not available. Short-term debt for 2019 is based on data from the BIS. Data include the effects of Paris Club debt restructuring agreement signed in 2010 and 2012 and HIPC and MDRI debt relief.
Country-Series,"Gambia, The (GMB)","Foreign direct investment, net inflows in reporting economy (DRS, current US$) (BX.KLT.DINV.CD.DT)",Data on Foreign Direct Investment are based on Balance of Payments reported by the International Monetary Fund. Unless otherwise specified in the specific years.
Country-Series,"Gambia, The (GMB)","External debt stocks, total (DOD, current US$) (DT.DOD.DECT.CD)",Long-term public and publicly guaranteed debt data for 2019 are based on reports provided by the country. Long-term private nonguaranteed debt data are not available. Short-term debt for 2019 is based on data from the BIS. Data include the effects of HIPC and MDRI debt relief.
Country-Series,Guinea-Bissau (GNB),"Foreign direct investment, net inflows in reporting economy (DRS, current US$) (BX.KLT.DINV.CD.DT)",Data on Foreign Direct Investment are based on Balance of Payments reported by the International Monetary Fund. Unless otherwise specified in the specific years.
Country-Series,Guinea-Bissau (GNB),"External debt stocks, total (DOD, current US$) (DT.DOD.DECT.CD)",Long-term public and publicly guaranteed debt data for 2019 are World Bank staff estimates based on the original terms of the loans and creditors data. Long-term private nonguaranteed and Short-term debt for 2019 is sourced by the Quarterly External Debt Statistics database (http://datatopics.worldbank.org/debt/qeds). Data include the effects of Paris Club debt restructuring agreement and HIPC and MDRI debt relief.
Country-Series,Grenada (GRD),"Foreign direct investment, net inflows in reporting economy (DRS, current US$) (BX.KLT.DINV.CD.DT)",Data on Foreign Direct Investment are based on Balance of Payments reported by the International Monetary Fund. Unless otherwise specified in the specific years.
Country-Series,Grenada (GRD),"External debt stocks, total (DOD, current US$) (DT.DOD.DECT.CD)",Long-term public and publicly guaranteed debt data for 2019 are based on reports provided by the country. Long-term private nonguaranteed debt data are not available. Short-term debt for 2019 is based on data from the BIS.
Country-Series,Guatemala (GTM),"Foreign direct investment, net inflows in reporting economy (DRS, current US$) (BX.KLT.DINV.CD.DT)",Data on Foreign Direct Investment are based on Balance of Payments reported by the International Monetary Fund. Unless otherwise specified in the specific years.
Country-Series,Guatemala (GTM),"External debt stocks, total (DOD, current US$) (DT.DOD.DECT.CD)",Long-term public and publicly guaranteed debt data for 2019 are based on reports provided by the country. Long-term private nonguaranteed and short-term debt data for 2019 are sourced by the Quarterly External Debt Statistics database (http://datatopics.worldbank.org/debt/qeds).
Country-Series,Guyana (GUY),"Foreign direct investment, net inflows in reporting economy (DRS, current US$) (BX.KLT.DINV.CD.DT)",Data on Foreign Direct Investment are based on Balance of Payments reported by the International Monetary Fund. Unless otherwise specified in the specific years.
Country-Series,Guyana (GUY),"External debt stocks, total (DOD, current US$) (DT.DOD.DECT.CD)",Long-term public and publicly guaranteed debt data for 2019 are based on reports provided by the country. Long-term private nonguaranteed debt data for 2019 are World Bank staff estimates based on the market data. Short-term debt for 2019 is based on data from the BIS. Data include the effects of HIPC and MDRI debt relief.
Country-Series,Honduras (HND),"Foreign direct investment, net inflows in reporting economy (DRS, current US$) (BX.KLT.DINV.CD.DT)",Data on Foreign Direct Investment are based on Balance of Payments reported by the International Monetary Fund. Unless otherwise specified in the specific years.
Country-Series,Honduras (HND),"External debt stocks, total (DOD, current US$) (DT.DOD.DECT.CD)",Long-term public and publicly guaranteed and long-term private nonguaranteed debt data for 2019 are based on reports provided by the country. Short-term debt data for 2019 are sourced by the Quarterly External Debt Statistics database (http://datatopics.worldbank.org/debt/qeds). Data include the effects of HIPC and MDRI debt relief.
Country-Series,Haiti (HTI),"Foreign direct investment, net inflows in reporting economy (DRS, current US$) (BX.KLT.DINV.CD.DT)",Data on Foreign Direct Investment are based on Balance of Payments reported by the International Monetary Fund. Unless otherwise specified in the specific years.
Country-Series,Haiti (HTI),"External debt stocks, total (DOD, current US$) (DT.DOD.DECT.CD)",Long-term public and publicly guaranteed debt data for 2019 are based on reports provided by the country. Long-term private nonguaranteed debt data only cover Inter-American Development Bank loans. Short-term debt data for 2019 are based on Central Bank data. Data include the effects of Paris Club restructuring agreements signed in 2006 and 2009 and HIPC and MDRI debt relief.
Country-Series,Indonesia (IDN),"Foreign direct investment, net inflows in reporting economy (DRS, current US$) (BX.KLT.DINV.CD.DT)",Data on Foreign Direct Investment are based on Balance of Payments reported by the International Monetary Fund. Unless otherwise specified in the specific years.
Country-Series,Indonesia (IDN),"External debt stocks, total (DOD, current US$) (DT.DOD.DECT.CD)",Long-term public and publicly guaranteed and long-term private nonguaranteed debt data for 2019 are based on reports provided by the country. Short-term debt data for 2019 are sourced by the Quarterly External Debt Statistics database (http://datatopics.worldbank.org/debt/qeds).
Country-Series,India (IND),"Foreign direct investment, net inflows in reporting economy (DRS, current US$) (BX.KLT.DINV.CD.DT)",Data on Foreign Direct Investment are based on Balance of Payments reported by the International Monetary Fund. Unless otherwise specified in the specific years.
Country-Series,India (IND),"External debt stocks, total (DOD, current US$) (DT.DOD.DECT.CD)",Long-term public and publicly guaranteed and long-term private nonguaranteed debt data for 2019 are based on reports provided by the country. Short-term debt data for 2019 are sourced by the Quarterly External Debt Statistics database (http://datatopics.worldbank.org/debt/qeds).
Country-Series,India (IND),"External debt stocks, private nonguaranteed (PNG) (DOD, current US$) (DT.DOD.DPNG.CD)",Data prior to 2003 are mechanically adjusted from fiscal year to calendar year.
Country-Series,India (IND),"External debt stocks, public and publicly guaranteed (PPG) (DOD, current US$) (DT.DOD.DPPG.CD)",Data prior to 2003 are mechanically adjusted from fiscal year to calendar year.
Country-Series,India (IND),"PPG, bonds (DOD, current US$) (DT.DOD.PBND.CD)",Long-term public and publicly guaranteed bonds include Foreign Institutional Investor debt as reported by the Bank of India.
Country-Series,"Iran, Islamic Rep. (IRN)","Foreign direct investment, net inflows in reporting economy (DRS, current US$) (BX.KLT.DINV.CD.DT)",Data on Foreign Direct Investment are based on Balance of Payments reported by the International Monetary Fund. Unless otherwise specified in the specific years.
Country-Series,"Iran, Islamic Rep. (IRN)","External debt stocks, total (DOD, current US$) (DT.DOD.DECT.CD)",Long-term public and publicly guaranteed and long-term private nonguaranteed debt data for 2019 are based on reports provided by the country. Short-term debt for 2019 is based on Central Bank data.
Country-Series,Jamaica (JAM),"Foreign direct investment, net inflows in reporting economy (DRS, current US$) (BX.KLT.DINV.CD.DT)",Data on Foreign Direct Investment are based on Balance of Payments reported by the International Monetary Fund. Unless otherwise specified in the specific years.
Country-Series,Jamaica (JAM),"External debt stocks, total (DOD, current US$) (DT.DOD.DECT.CD)",Long-term public and publicly guaranteed debt and Long-term private non-guarantee data for 2019 are based on reports provided by the country. Short-term debt data for 2019 are based on reports provided by the country.
Country-Series,Jordan (JOR),"Foreign direct investment, net inflows in reporting economy (DRS, current US$) (BX.KLT.DINV.CD.DT)",Data on Foreign Direct Investment are based on Balance of Payments reported by the International Monetary Fund. Unless otherwise specified in the specific years.
Country-Series,Jordan (JOR),"External debt stocks, total (DOD, current US$) (DT.DOD.DECT.CD)",Long-term public and publicly guaranteed debt data for 2019 are based on reports provided by the country. Long-term private nonguaranteed debt data and short-term debt data for 2019 are sourced by the Quarterly External Debt Statistics database (http://datatopics.worldbank.org/debt/qeds).
Country-Series,Kazakhstan (KAZ),"Foreign direct investment, net inflows in reporting economy (DRS, current US$) (BX.KLT.DINV.CD.DT)",Data on Foreign Direct Investment are based on Balance of Payments reported by the International Monetary Fund. Unless otherwise specified in the specific years.
Country-Series,Kazakhstan (KAZ),"External debt stocks, total (DOD, current US$) (DT.DOD.DECT.CD)",Long-term public and publicly guaranteed and long-term private nonguaranteed debt data for 2019 are based on reports provided by the country. Short-term debt data for 2019 are based on reports provided by the country.
Country-Series,Kenya (KEN),"Foreign direct investment, net inflows in reporting economy (DRS, current US$) (BX.KLT.DINV.CD.DT)",Data on Foreign Direct Investment are based on Balance of Payments reported by the International Monetary Fund. Unless otherwise specified in the specific years.
Country-Series,Kenya (KEN),"External debt stocks, total (DOD, current US$) (DT.DOD.DECT.CD)",Long-term public and publicly guaranteed debt data for 2019 are based on reports provided by the country. Long-term private nonguaranteed debt data for 2019 are World Bank staff estimates based on the market data. Short-term debt for 2019 is based on data from the BIS.
Country-Series,Kyrgyz Republic (KGZ),"Foreign direct investment, net inflows in reporting economy (DRS, current US$) (BX.KLT.DINV.CD.DT)",Data on Foreign Direct Investment are based on Balance of Payments reported by the International Monetary Fund. Unless otherwise specified in the specific years.
Country-Series,Kyrgyz Republic (KGZ),"External debt stocks, total (DOD, current US$) (DT.DOD.DECT.CD)",Long-term public and publicly guaranteed and long-term private nonguaranteed debt data for 2019 are based on reports provided by the country. Short-term debt for 2019 are sourced by the Quarterly External Debt Statistics database (http://datatopics.worldbank.org/debt/qeds).
Country-Series,Cambodia (KHM),"Foreign direct investment, net inflows in reporting economy (DRS, current US$) (BX.KLT.DINV.CD.DT)",Data on Foreign Direct Investment are based on Balance of Payments reported by the International Monetary Fund. Unless otherwise specified in the specific years.
Country-Series,Cambodia (KHM),"External debt stocks, total (DOD, current US$) (DT.DOD.DECT.CD)",Long-term public and publicly guaranteed and long-term private nonguaranteed debt data for 2019 are based on reports provided by the country. Short-term debt data for 2019 are based on reports provided by the country. Data include MDRI debt relief.
Country-Series,Latin America & Caribbean (excluding high income) (LAC),"Foreign direct investment, net inflows in reporting economy (DRS, current US$) (BX.KLT.DINV.CD.DT)",Data on Foreign Direct Investment are based on Balance of Payments reported by the International Monetary Fund. Unless otherwise specified in the specific years.
Country-Series,Lao PDR (LAO),"Foreign direct investment, net inflows in reporting economy (DRS, current US$) (BX.KLT.DINV.CD.DT)",Data on Foreign Direct Investment are based on Balance of Payments reported by the International Monetary Fund. Unless otherwise specified in the specific years.
Country-Series,Lao PDR (LAO),"External debt stocks, total (DOD, current US$) (DT.DOD.DECT.CD)",Long-term public and publicly guaranteed debt data for 2019 are World Bank staff estimates based on the original terms of the loans and creditors data. Long-term private nonguaranteed debt data for 2019 are World Bank staff estimates based on the market data. Short-term debt for 2019 is based on data from the BIS.
Country-Series,Lebanon (LBN),"Foreign direct investment, net inflows in reporting economy (DRS, current US$) (BX.KLT.DINV.CD.DT)",Data on Foreign Direct Investment are based on Balance of Payments reported by the International Monetary Fund. Unless otherwise specified in the specific years.
Country-Series,Lebanon (LBN),"External debt stocks, total (DOD, current US$) (DT.DOD.DECT.CD)","Long-term public and publicly guaranteed, long-term private nonguaranteed and short-term debt data for 2019 are based on reports provided by the country."
Country-Series,Liberia (LBR),"Foreign direct investment, net inflows in reporting economy (DRS, current US$) (BX.KLT.DINV.CD.DT)",Data on Foreign Direct Investment are based on Balance of Payments reported by the International Monetary Fund. Unless otherwise specified in the specific years.
Country-Series,Liberia (LBR),"External debt stocks, total (DOD, current US$) (DT.DOD.DECT.CD)","Long-term public and publicly guaranteed debt data for 2019 are based on reports provided by the country and World Bank staff estimates based on the original terms of the loans. Long-term private nonguaranteed debt data for 2019 are World Bank staff estimates based on the market data. Data include the effects of Paris Club rescheduling agreement signed in 2008 and 2010, and HIPC and MDRI debt relief."
Country-Series,St. Lucia (LCA),"Foreign direct investment, net inflows in reporting economy (DRS, current US$) (BX.KLT.DINV.CD.DT)",Data on Foreign Direct Investment are based on Balance of Payments reported by the International Monetary Fund. Unless otherwise specified in the specific years.
Country-Series,St. Lucia (LCA),"External debt stocks, total (DOD, current US$) (DT.DOD.DECT.CD)",Long-term public and publicly guaranteed debt data for 2019 are based on reports provided by the country. Long-term private nonguaranteed debt data are not available. Short-term debt for 2019 is sourced by the Quarterly External Debt Statistics database (http://datatopics.worldbank.org/debt/qeds).
Country-Series,Low income (LIC),"Foreign direct investment, net inflows in reporting economy (DRS, current US$) (BX.KLT.DINV.CD.DT)",Data on Foreign Direct Investment are based on Balance of Payments reported by the International Monetary Fund. Unless otherwise specified in the specific years.
Country-Series,Sri Lanka (LKA),"Foreign direct investment, net inflows in reporting economy (DRS, current US$) (BX.KLT.DINV.CD.DT)",Data on Foreign Direct Investment are based on Balance of Payments reported by the International Monetary Fund. Unless otherwise specified in the specific years.
Country-Series,Sri Lanka (LKA),"External debt stocks, total (DOD, current US$) (DT.DOD.DECT.CD)",Long-term public and publicly guaranteed and long-term private nonguaranteed debt data for 2019 are based on reports provided by the country. Short-term debt data for 2019 are sourced by the Quarterly External Debt Statistics database (http://datatopics.worldbank.org/debt/qeds).
Country-Series,Lower middle income (LMC),"Foreign direct investment, net inflows in reporting economy (DRS, current US$) (BX.KLT.DINV.CD.DT)",Data on Foreign Direct Investment are based on Balance of Payments reported by the International Monetary Fund. Unless otherwise specified in the specific years.
Country-Series,Low & middle income (LMY),"Foreign direct investment, net inflows in reporting economy (DRS, current US$) (BX.KLT.DINV.CD.DT)",Data on Foreign Direct Investment are based on Balance of Payments reported by the International Monetary Fund. Unless otherwise specified in the specific years.
Country-Series,Lesotho (LSO),"Foreign direct investment, net inflows in reporting economy (DRS, current US$) (BX.KLT.DINV.CD.DT)",Data on Foreign Direct Investment are based on Balance of Payments reported by the International Monetary Fund. Unless otherwise specified in the specific years.
Country-Series,Lesotho (LSO),"External debt stocks, total (DOD, current US$) (DT.DOD.DECT.CD)",Long-term public and publicly guaranteed and short-term debt data for 2019 are based on reports provided by the country. Long-term private nonguaranteed debt data are not available. Short-term debt for 2019 is based on data from the BIS.
Country-Series,Morocco (MAR),"Foreign direct investment, net inflows in reporting economy (DRS, current US$) (BX.KLT.DINV.CD.DT)",Data on Foreign Direct Investment are based on Balance of Payments reported by the International Monetary Fund. Unless otherwise specified in the specific years.
Country-Series,Morocco (MAR),"External debt stocks, total (DOD, current US$) (DT.DOD.DECT.CD)",Long-term public and publicly guaranteed and long-term private nonguaranteed debt data for 2019 are based on reports provided by the country. Short-term debt data for 2019 are sourced by the Quarterly External Debt Statistics database (http://datatopics.worldbank.org/debt/qeds).
Country-Series,Moldova (MDA),"Foreign direct investment, net inflows in reporting economy (DRS, current US$) (BX.KLT.DINV.CD.DT)",Data on Foreign Direct Investment are based on Balance of Payments reported by the International Monetary Fund. Unless otherwise specified in the specific years.
Country-Series,Moldova (MDA),"External debt stocks, total (DOD, current US$) (DT.DOD.DECT.CD)",Long-term public and publicly guaranteed and long-term private nonguaranteed debt data for 2019 are based on reports provided by the country. Short-term debt data for 2019 are sourced by the Quarterly External Debt Statistics database (http://datatopics.worldbank.org/debt/qeds).
Country-Series,Madagascar (MDG),"Foreign direct investment, net inflows in reporting economy (DRS, current US$) (BX.KLT.DINV.CD.DT)",Data on Foreign Direct Investment are based on Balance of Payments reported by the International Monetary Fund. Unless otherwise specified in the specific years.
Country-Series,Madagascar (MDG),"External debt stocks, total (DOD, current US$) (DT.DOD.DECT.CD)",Long-term public and publicly guaranteed debt data for 2019 are based on reports provided by the country. Long-term private nonguaranteed debt data for 2019 are World Bank staff estimates based on the market data. Short-term debt for 2019 is based on data from the BIS. Data include the effects of HIPC and MDRI debt relief.
Country-Series,Maldives (MDV),"Foreign direct investment, net inflows in reporting economy (DRS, current US$) (BX.KLT.DINV.CD.DT)",Data on Foreign Direct Investment are based on Balance of Payments reported by the International Monetary Fund. Unless otherwise specified in the specific years.
Country-Series,Maldives (MDV),"External debt stocks, total (DOD, current US$) (DT.DOD.DECT.CD)",Long-term public and publicly guaranteed debt data for 2019 are based on reports provided by the country. Long-term private nonguaranteed debt data for 2019 are World Bank staff estimates. Short-term debt for 2019 is based on data from the BIS.
Country-Series,Mexico (MEX),"Foreign direct investment, net inflows in reporting economy (DRS, current US$) (BX.KLT.DINV.CD.DT)",Data on Foreign Direct Investment are based on Balance of Payments reported by the International Monetary Fund. Unless otherwise specified in the specific years.
Country-Series,Mexico (MEX),"External debt stocks, total (DOD, current US$) (DT.DOD.DECT.CD)",Long-term public and publicly guaranteed and long-term private nonguaranteed debt data for 2019 are based on reports provided by the country. Short-term debt data for 2019 are sourced by the Quarterly External Debt Statistics database (http://datatopics.worldbank.org/debt/qeds).
Country-Series,Middle income (MIC),"Foreign direct investment, net inflows in reporting economy (DRS, current US$) (BX.KLT.DINV.CD.DT)",Data on Foreign Direct Investment are based on Balance of Payments reported by the International Monetary Fund. Unless otherwise specified in the specific years.
Country-Series,North Macedonia (MKD),"Foreign direct investment, net inflows in reporting economy (DRS, current US$) (BX.KLT.DINV.CD.DT)",Data on Foreign Direct Investment are based on Balance of Payments reported by the International Monetary Fund. Unless otherwise specified in the specific years.
Country-Series,North Macedonia (MKD),"External debt stocks, total (DOD, current US$) (DT.DOD.DECT.CD)",Long-term public and publicly guaranteed and long-term private nonguaranteed debt data for 2019 are based on reports provided by the country. Short-term debt data for 2019 are sourced by the Quarterly External Debt Statistics database (http://datatopics.worldbank.org/debt/qeds).
Country-Series,Mali (MLI),"Foreign direct investment, net inflows in reporting economy (DRS, current US$) (BX.KLT.DINV.CD.DT)",Data on Foreign Direct Investment are based on Balance of Payments reported by the International Monetary Fund. Unless otherwise specified in the specific years.
Country-Series,Mali (MLI),"External debt stocks, total (DOD, current US$) (DT.DOD.DECT.CD)",Long-term public and publicly guaranteed debt data for 2019 are based on reports provided by the country and World Bank staff estimates based on the original terms of the loans. Long-term private nonguaranteed debt data are not available. Short-term debt for 2019 is based on data from the BIS. Data include the effects of HIPC and MDRI debt relief.
Country-Series,Myanmar (MMR),"Foreign direct investment, net inflows in reporting economy (DRS, current US$) (BX.KLT.DINV.CD.DT)",Data on Foreign Direct Investment are based on Balance of Payments reported by the International Monetary Fund. Unless otherwise specified in the specific years.
Country-Series,Myanmar (MMR),"External debt stocks, total (DOD, current US$) (DT.DOD.DECT.CD)",Long-term public and publicly guaranteed debt data for 2019 are based on reports provided by the country. Long-term private nonguaranteed debt data for 2019 are World Bank staff estimates based on the market data. Short-term debt data are not available. Data include HIPC debt relief.
Country-Series,Middle East & North Africa (excluding high income) (MNA),"Foreign direct investment, net inflows in reporting economy (DRS, current US$) (BX.KLT.DINV.CD.DT)",Data on Foreign Direct Investment are based on Balance of Payments reported by the International Monetary Fund. Unless otherwise specified in the specific years.
Country-Series,Montenegro (MNE),"Foreign direct investment, net inflows in reporting economy (DRS, current US$) (BX.KLT.DINV.CD.DT)",Data on Foreign Direct Investment are based on Balance of Payments reported by the International Monetary Fund. Unless otherwise specified in the specific years.
Country-Series,Montenegro (MNE),"External debt stocks, total (DOD, current US$) (DT.DOD.DECT.CD)",Long-term public and publicly guaranteed debt data for 2019 are based on reports provided by the country. Long-term private nonguaranteed debt data for 2019 are World Bank staff estimates. Short-term debt for 2019 is based on data from the BIS.
Country-Series,Mongolia (MNG),"Foreign direct investment, net inflows in reporting economy (DRS, current US$) (BX.KLT.DINV.CD.DT)",Data on Foreign Direct Investment are based on Balance of Payments reported by the International Monetary Fund. Unless otherwise specified in the specific years.
Country-Series,Mongolia (MNG),"External debt stocks, total (DOD, current US$) (DT.DOD.DECT.CD)",Long-term public and publicly guaranteed debt data for 2019 are based on reports provided by the country. Long-term private nonguaranteed and short-term debt data for 2019 are sourced by the Quarterly External Debt Statistics database (http://datatopics.worldbank.org/debt/qeds).
Country-Series,Mozambique (MOZ),"Foreign direct investment, net inflows in reporting economy (DRS, current US$) (BX.KLT.DINV.CD.DT)",Data on Foreign Direct Investment are based on Balance of Payments reported by the International Monetary Fund. Unless otherwise specified in the specific years.
Country-Series,Mozambique (MOZ),"External debt stocks, total (DOD, current US$) (DT.DOD.DECT.CD)",Long-term public and publicly guaranteed for 2019 are based on reports provided by the country and World Bank staff estimates based on the original terms of the loans.  Long-term private nonguaranteed debt data for 2019 are based on reports provided by the country. Short-term debt for 2019 is based on data from the BIS. Data include HIPC and MDRI debt relief.
Country-Series,Mauritania (MRT),"Foreign direct investment, net inflows in reporting economy (DRS, current US$) (BX.KLT.DINV.CD.DT)",Data on Foreign Direct Investment are based on Balance of Payments reported by the International Monetary Fund. Unless otherwise specified in the specific years.
Country-Series,Mauritania (MRT),"External debt stocks, total (DOD, current US$) (DT.DOD.DECT.CD)",Long-term public and publicly guaranteed debt data for 2019 are based on reports provided by the country. Long-term private nonguaranteed debt data are not available. Short-term debt for 2019 is based on data from the BIS. Data include the effects of MDRI debt relief.
Country-Series,Malawi (MWI),"Foreign direct investment, net inflows in reporting economy (DRS, current US$) (BX.KLT.DINV.CD.DT)",Data on Foreign Direct Investment are based on Balance of Payments reported by the International Monetary Fund. Unless otherwise specified in the specific years.
Country-Series,Malawi (MWI),"External debt stocks, total (DOD, current US$) (DT.DOD.DECT.CD)",Long-term public and publicly guaranteed debt data for 2019 are based on reports provided by the country. Long-term private nonguaranteed debt data are not available. Short-term debt for 2019 is based on data from the BIS. Data include the effects of Paris Club rescheduling agreement signed in 2006 and HIPC and MDRI debt relief.
Country-Series,Niger (NER),"Foreign direct investment, net inflows in reporting economy (DRS, current US$) (BX.KLT.DINV.CD.DT)",Data on Foreign Direct Investment are based on Balance of Payments reported by the International Monetary Fund. Unless otherwise specified in the specific years.
Country-Series,Niger (NER),"External debt stocks, total (DOD, current US$) (DT.DOD.DECT.CD)",Long-term public and publicly guaranteed debt data for 2019 are based on reports provided by the country. Long-term private nonguaranteed debt data are not available. Short-term debt for 2019 is based on data from the BIS. Data include the effects of HIPC and MDRI debt relief.
Country-Series,Nigeria (NGA),"Foreign direct investment, net inflows in reporting economy (DRS, current US$) (BX.KLT.DINV.CD.DT)",Data on Foreign Direct Investment are based on Balance of Payments reported by the International Monetary Fund. Unless otherwise specified in the specific years.
Country-Series,Nigeria (NGA),"External debt stocks, total (DOD, current US$) (DT.DOD.DECT.CD)",Long-term public and publicly guaranteed debt data for 2019 are based on reports provided by the country.  Long-term private nonguaranteed debt data are World Bank staff estimates based on the market data.
Country-Series,Nicaragua (NIC),"Foreign direct investment, net inflows in reporting economy (DRS, current US$) (BX.KLT.DINV.CD.DT)",Data on Foreign Direct Investment are based on Balance of Payments reported by the International Monetary Fund. Unless otherwise specified in the specific years.
Country-Series,Nicaragua (NIC),"External debt stocks, total (DOD, current US$) (DT.DOD.DECT.CD)",Long-term public and publicly guaranteed and long-term private nonguaranteed debt data for 2019 are based on reports provided by the country. Short-term debt data for 2019 are based on reports provided by the country. Data include the effects of HIPC and MDRI debt relief.
Country-Series,Nepal (NPL),"Foreign direct investment, net inflows in reporting economy (DRS, current US$) (BX.KLT.DINV.CD.DT)",Data on Foreign Direct Investment are based on Balance of Payments reported by the International Monetary Fund. Unless otherwise specified in the specific years.
Country-Series,Nepal (NPL),"External debt stocks, total (DOD, current US$) (DT.DOD.DECT.CD)",Long-term public and publicly guaranteed debt data for 2019 are based on reports provided by the country. Long-term private nonguaranteed and short-term debt data for 2019 are World Bank staff estimates based on the Quarterly External Debt Statistics database (http://datatopics.worldbank.org/debt/qeds).
Country-Series,Pakistan (PAK),"Foreign direct investment, net inflows in reporting economy (DRS, current US$) (BX.KLT.DINV.CD.DT)",Data on Foreign Direct Investment are based on Balance of Payments reported by the International Monetary Fund. Unless otherwise specified in the specific years.
Country-Series,Pakistan (PAK),"External debt stocks, total (DOD, current US$) (DT.DOD.DECT.CD)",Long-term public and publicly guaranteed and long-term private nonguaranteed debt data for 2019 are based on reports provided by the country. Short-term debt data for 2019 are sourced by the Quarterly External Debt Statistics database (http://datatopics.worldbank.org/debt/qeds).
Country-Series,Peru (PER),"Foreign direct investment, net inflows in reporting economy (DRS, current US$) (BX.KLT.DINV.CD.DT)",Data on Foreign Direct Investment are based on Balance of Payments reported by the International Monetary Fund. Unless otherwise specified in the specific years.
Country-Series,Peru (PER),"External debt stocks, total (DOD, current US$) (DT.DOD.DECT.CD)",Long-term public and publicly guaranteed debt data for 2019 are based on reports provided by the country. Long-term private nonguaranteed and short-term debt data for 2019 is sourced by the Quarterly External Debt Statistics database (http://datatopics.worldbank.org/debt/qeds).  Data for 2007 include Bond prepayment and prepayment to Paris Club creditors.
Country-Series,Philippines (PHL),"Foreign direct investment, net inflows in reporting economy (DRS, current US$) (BX.KLT.DINV.CD.DT)",Data on Foreign Direct Investment are based on Balance of Payments reported by the International Monetary Fund. Unless otherwise specified in the specific years.
Country-Series,Philippines (PHL),"External debt stocks, total (DOD, current US$) (DT.DOD.DECT.CD)","Long-term public and publicly guaranteed, long-term private nonguaranteed, and short-term debt data for 2019 are based on reports provided by the country. Long-term private nonguaranteed debt data no longer include unregistered debt and are revised from 2005 based on the reports provided by the country."
Country-Series,Philippines (PHL),"External debt stocks, private nonguaranteed (PNG) (DOD, current US$) (DT.DOD.DPNG.CD)","Long-term private nonguaranteed debt includes the following monitored aggregate private-sector debt: unregistered debt, intercompany debt and capital leases."
Country-Series,Papua New Guinea (PNG),"Foreign direct investment, net inflows in reporting economy (DRS, current US$) (BX.KLT.DINV.CD.DT)",Data on Foreign Direct Investment are based on Balance of Payments reported by the International Monetary Fund. Unless otherwise specified in the specific years.
Country-Series,Papua New Guinea (PNG),"External debt stocks, total (DOD, current US$) (DT.DOD.DECT.CD)",Long-term public and publicly guaranteed debt data for 2019 is based on reports provided by the country. Long-term private nonguaranteed debt for 2019 is sourced by the Quarterly External Debt Statistics database (http://datatopics.worldbank.org/debt/qeds). Short-term debt for 2019 is based on data from the BIS.
Country-Series,Paraguay (PRY),"Foreign direct investment, net inflows in reporting economy (DRS, current US$) (BX.KLT.DINV.CD.DT)",Data on Foreign Direct Investment are based on Balance of Payments reported by the International Monetary Fund. Unless otherwise specified in the specific years.
Country-Series,Paraguay (PRY),"External debt stocks, total (DOD, current US$) (DT.DOD.DECT.CD)",Long-term public and publicly guaranteed for 2019 are based on reports provided by the country. Long-term private nonguaranteed debt and short-term debt for 2019 are based on Central Bank data.
Country-Series,Russian Federation (RUS),"Foreign direct investment, net inflows in reporting economy (DRS, current US$) (BX.KLT.DINV.CD.DT)",Data on Foreign Direct Investment are based on Balance of Payments reported by the International Monetary Fund. Unless otherwise specified in the specific years.
Country-Series,Russian Federation (RUS),"External debt stocks, total (DOD, current US$) (DT.DOD.DECT.CD)","Long-term public and publicly guaranteed, long-term private nonguaranteed, and short-term debt data for 2019 are World Bank staff estimates based on country aggregate reports."
Country-Series,Rwanda (RWA),"Foreign direct investment, net inflows in reporting economy (DRS, current US$) (BX.KLT.DINV.CD.DT)",Data on Foreign Direct Investment are based on Balance of Payments reported by the International Monetary Fund. Unless otherwise specified in the specific years.
Country-Series,Rwanda (RWA),"External debt stocks, total (DOD, current US$) (DT.DOD.DECT.CD)",Long-term public and publicly guaranteed debt data for 2019 are based on reports provided by the country. Long-term private nonguaranteed and Short-term debt for 2019 is sourced by the Quarterly External Debt Statistics database (http://datatopics.worldbank.org/debt/qeds). Data include the effects of HIPC and MDRI debt relief.
Country-Series,South Asia (SAS),"Foreign direct investment, net inflows in reporting economy (DRS, current US$) (BX.KLT.DINV.CD.DT)",Data on Foreign Direct Investment are based on Balance of Payments reported by the International Monetary Fund. Unless otherwise specified in the specific years.
Country-Series,Sudan (SDN),"Foreign direct investment, net inflows in reporting economy (DRS, current US$) (BX.KLT.DINV.CD.DT)",Data on Foreign Direct Investment are based on Balance of Payments reported by the International Monetary Fund. Unless otherwise specified in the specific years.
Country-Series,Sudan (SDN),"External debt stocks, total (DOD, current US$) (DT.DOD.DECT.CD)",Long-term public and publicly guaranteed debt data for 2019 are based on reports provided by the country. Long-term private nonguaranteed debt data are not available. Short-term debt for 2019 is based on data from the BIS.
Country-Series,Senegal (SEN),"Foreign direct investment, net inflows in reporting economy (DRS, current US$) (BX.KLT.DINV.CD.DT)",Data on Foreign Direct Investment are based on Balance of Payments reported by the International Monetary Fund. Unless otherwise specified in the specific years.
Country-Series,Senegal (SEN),"External debt stocks, total (DOD, current US$) (DT.DOD.DECT.CD)","Long-term public and publicly guaranteed, and short-term debt data for 2019 are based on reports provided by the country. Long-term private nonguaranteed debt data for 2019 are World Bank staff estimates. Data include the effects of Paris Club debt restructuring agreement and HIPC and MDRI debt relief."
Country-Series,Solomon Islands (SLB),"Foreign direct investment, net inflows in reporting economy (DRS, current US$) (BX.KLT.DINV.CD.DT)",Data on Foreign Direct Investment are based on Balance of Payments reported by the International Monetary Fund. Unless otherwise specified in the specific years.
Country-Series,Solomon Islands (SLB),"External debt stocks, total (DOD, current US$) (DT.DOD.DECT.CD)",Long-term public and publicly guaranteed debt and long-term private nonguaranteed debt data for 2019 are based on reports provided by the country. Short-term debt data for 2019 is sourced by the Quarterly External Debt Statistics database (http://datatopics.worldbank.org/debt/qeds).
Country-Series,Sierra Leone (SLE),"Foreign direct investment, net inflows in reporting economy (DRS, current US$) (BX.KLT.DINV.CD.DT)",Data on Foreign Direct Investment are based on Balance of Payments reported by the International Monetary Fund. Unless otherwise specified in the specific years.
Country-Series,Sierra Leone (SLE),"External debt stocks, total (DOD, current US$) (DT.DOD.DECT.CD)",Long-term public and publicly guaranteed debt data for 2019 are based on reports provided by the country. Long-term private nonguaranteed debt data are not available. Short-term debt data for 2019 are sourced by the Quarterly External Debt Statistics database (http://datatopics.worldbank.org/debt/qeds). Data include the effects of Paris Club debt restructuring agreement and HIPC and MDRI debt relief.
Country-Series,El Salvador (SLV),"Foreign direct investment, net inflows in reporting economy (DRS, current US$) (BX.KLT.DINV.CD.DT)",Data on Foreign Direct Investment are based on Balance of Payments reported by the International Monetary Fund. Unless otherwise specified in the specific years.
Country-Series,El Salvador (SLV),"External debt stocks, total (DOD, current US$) (DT.DOD.DECT.CD)",Long-term public and publicly guaranteed and long-term private nonguaranteed debt data for 2019 are based on reports provided by the country. Short-term debt data for 2019 are sourced by the Quarterly External Debt Statistics database (http://datatopics.worldbank.org/debt/qeds).
Country-Series,Somalia (SOM),"Foreign direct investment, net inflows in reporting economy (DRS, current US$) (BX.KLT.DINV.CD.DT)",Data on Foreign Direct Investment are based on Balance of Payments reported by the International Monetary Fund. Unless otherwise specified in the specific years.
Country-Series,Somalia (SOM),"External debt stocks, total (DOD, current US$) (DT.DOD.DECT.CD)","Long-term public and publicly guaranteed debt data for 2019 are based on reports provided by the country. Long-term private nonguaranteed debt data and short-term debt data are not available. Beginning in 2018, the data reflects the outstanding debt stock, principal and interest arrears, and includes late interest/penalties amounts following the reconcilation excercise by Goverment of Somalia with respective creditors."
Country-Series,Serbia (SRB),"Foreign direct investment, net inflows in reporting economy (DRS, current US$) (BX.KLT.DINV.CD.DT)",Data on Foreign Direct Investment are based on Balance of Payments reported by the International Monetary Fund. Unless otherwise specified in the specific years.
Country-Series,Serbia (SRB),"External debt stocks, total (DOD, current US$) (DT.DOD.DECT.CD)","Long-term public and publicly guaranteed debt data,  long-term private nonguaranteed debt data and short-term debt data for 2019 are based on reports provided by the country."
Country-Series,Sub-Saharan Africa (excluding high income) (SSA),"Foreign direct investment, net inflows in reporting economy (DRS, current US$) (BX.KLT.DINV.CD.DT)",Data on Foreign Direct Investment are based on Balance of Payments reported by the International Monetary Fund. Unless otherwise specified in the specific years.
Country-Series,São Tomé and Principe (STP),"Foreign direct investment, net inflows in reporting economy (DRS, current US$) (BX.KLT.DINV.CD.DT)",Data on Foreign Direct Investment are based on Balance of Payments reported by the International Monetary Fund. Unless otherwise specified in the specific years.
Country-Series,São Tomé and Principe (STP),"External debt stocks, total (DOD, current US$) (DT.DOD.DECT.CD)",Long-term public and publicly guaranteed debt data for 2019 are based on reports provided by the country. Long-term private nonguaranteed debt data are not available. Short-term debt for 2019 is based on data from the BIS. Data include HIPC and MDRI debt relief.
Country-Series,Eswatini (SWZ),"Foreign direct investment, net inflows in reporting economy (DRS, current US$) (BX.KLT.DINV.CD.DT)",Data on Foreign Direct Investment are based on Balance of Payments reported by the International Monetary Fund. Unless otherwise specified in the specific years.
Country-Series,Eswatini (SWZ),"External debt stocks, total (DOD, current US$) (DT.DOD.DECT.CD)",Long-term public and publicly guaranteed debt data for 2019 are based on reports provided by the country. Long-term private nonguaranteed debt data are not available. Short-term debt for 2019 is based on data from the BIS.
Country-Series,Syrian Arab Republic (SYR),"Foreign direct investment, net inflows in reporting economy (DRS, current US$) (BX.KLT.DINV.CD.DT)",Data on Foreign Direct Investment are based on Balance of Payments reported by the International Monetary Fund. Unless otherwise specified in the specific years.
Country-Series,Syrian Arab Republic (SYR),"External debt stocks, total (DOD, current US$) (DT.DOD.DECT.CD)",Long-term public and publicly guaranteed debt data for 2019 are World Bank staff estimates based on the original terms of the loans. Long-term private nonguaranteed debt data are not available. Short-term debt for 2019 is based on data from the BIS.
Country-Series,Chad (TCD),"Foreign direct investment, net inflows in reporting economy (DRS, current US$) (BX.KLT.DINV.CD.DT)",Data on Foreign Direct Investment are based on Balance of Payments reported by the International Monetary Fund. Unless otherwise specified in the specific years.
Country-Series,Chad (TCD),"External debt stocks, total (DOD, current US$) (DT.DOD.DECT.CD)",Long-term public and publicly guaranteed debt data for 2019 are based on reports provided by the country. Long-term private nonguaranteed debt data are not available. Short-term debt data for 2019 is based on data from the BIS. Data include the effects of HIPC debt relief.
Country-Series,Togo (TGO),"Foreign direct investment, net inflows in reporting economy (DRS, current US$) (BX.KLT.DINV.CD.DT)",Data on Foreign Direct Investment are based on Balance of Payments reported by the International Monetary Fund. Unless otherwise specified in the specific years.
Country-Series,Togo (TGO),"External debt stocks, total (DOD, current US$) (DT.DOD.DECT.CD)",Long-term public and publicly guaranteed debt data for 2019 are based on reports provided by the country. Long-term private nonguaranteed debt data are not available. Short-term debt for 2019 is based on data from the BIS. Data include the effects of Paris Club debt restructuring agreement and HIPC and MDRI debt relief.
Country-Series,Thailand (THA),"Foreign direct investment, net inflows in reporting economy (DRS, current US$) (BX.KLT.DINV.CD.DT)",Data on Foreign Direct Investment are based on Balance of Payments reported by the International Monetary Fund. Unless otherwise specified in the specific years.
Country-Series,Thailand (THA),"External debt stocks, total (DOD, current US$) (DT.DOD.DECT.CD)","Long-term public and publicly guaranteed, long-term private nonguaranteed, and short-term debt data for 2019 are based on reports provided by the country."
Country-Series,Tajikistan (TJK),"Foreign direct investment, net inflows in reporting economy (DRS, current US$) (BX.KLT.DINV.CD.DT)",Data on Foreign Direct Investment are based on Balance of Payments reported by the International Monetary Fund. Unless otherwise specified in the specific years.
Country-Series,Tajikistan (TJK),"External debt stocks, total (DOD, current US$) (DT.DOD.DECT.CD)",Long-term public and publicly guaranteed and long-term private nonguaranteed debt data for 2019 are based on reports provided by the country. Short-term debt for 2019 is sourced by the Quarterly External Debt Statistics database (http://datatopics.worldbank.org/debt/qeds). Data include MDRI debt relief.
Country-Series,Turkmenistan (TKM),"Foreign direct investment, net inflows in reporting economy (DRS, current US$) (BX.KLT.DINV.CD.DT)",Data on Foreign Direct Investment are based on Balance of Payments reported by the International Monetary Fund. Unless otherwise specified in the specific years.
Country-Series,Turkmenistan (TKM),"External debt stocks, total (DOD, current US$) (DT.DOD.DECT.CD)",Long-term public and publicly guaranteed debt data for 2019 are World Bank staff estimates based on the original terms of the loans. Long-term private nonguaranteed debt data (excluding bonds) only cover European Bank for Reconstruction and Development lending. Short-term debt for 2019 is based on data from the BIS.
Country-Series,Timor-Leste (TLS),"External debt stocks, total (DOD, current US$) (DT.DOD.DECT.CD)",Long-term public and publicly guaranteed debt data for 2019 are based on reports provided by the country. Long-term private nonguaranteed debt data are not available. Short-term debt for 2019 is based on data from the BIS.
Country-Series,Tonga (TON),"Foreign direct investment, net inflows in reporting economy (DRS, current US$) (BX.KLT.DINV.CD.DT)",Data on Foreign Direct Investment are based on Balance of Payments reported by the International Monetary Fund. Unless otherwise specified in the specific years.
Country-Series,Tonga (TON),"External debt stocks, total (DOD, current US$) (DT.DOD.DECT.CD)",Long-term public and publicly guaranteed debt data for 2019 are based on reports provided by the country.  Long-term private nonguaranteed debt and short-term debt data for 2019 are not available.
Country-Series,Tunisia (TUN),"Foreign direct investment, net inflows in reporting economy (DRS, current US$) (BX.KLT.DINV.CD.DT)",Data on Foreign Direct Investment are based on Balance of Payments reported by the International Monetary Fund. Unless otherwise specified in the specific years.
Country-Series,Tunisia (TUN),"External debt stocks, total (DOD, current US$) (DT.DOD.DECT.CD)",Long-term public and publicly guaranteed debt data for 2019 are based on reports provided by the country. Long-term private nonguaranteed debt data and short-term debt data for 2019 are sourced by the Quarterly External Debt Statistics database (http://datatopics.worldbank.org/debt/qeds).
Country-Series,Turkey (TUR),"Foreign direct investment, net inflows in reporting economy (DRS, current US$) (BX.KLT.DINV.CD.DT)",Data on Foreign Direct Investment are based on Balance of Payments reported by the International Monetary Fund. Unless otherwise specified in the specific years.
Country-Series,Turkey (TUR),"External debt stocks, total (DOD, current US$) (DT.DOD.DECT.CD)",Long-term public and publicly guaranteed and long-term private nonguaranteed debt data for 2019 are based on reports provided by the country. Short-term debt data for 2019 are sourced by the Quarterly External Debt Statistics database (http://datatopics.worldbank.org/debt/qeds).
Country-Series,Tanzania (TZA),"Foreign direct investment, net inflows in reporting economy (DRS, current US$) (BX.KLT.DINV.CD.DT)",Data on Foreign Direct Investment are based on Balance of Payments reported by the International Monetary Fund. Unless otherwise specified in the specific years.
Country-Series,Tanzania (TZA),"External debt stocks, total (DOD, current US$) (DT.DOD.DECT.CD)",Long-term public and publicly guaranteed debt data for 2019 are World Bank staff estimates based on the original terms of the loans. Long-term private nonguaranteed debt data for 2019 are based on Central Bank data. Short-term debt for 2019 is based on data from the BIS. Data include the effects of HIPC and MDRI debt relief.
Country-Series,Tanzania (TZA),"External debt stocks, public and publicly guaranteed (PPG) (DOD, current US$) (DT.DOD.DPPG.CD)",Data include debt liabilities of Zanzibar.
Country-Series,Uganda (UGA),"Foreign direct investment, net inflows in reporting economy (DRS, current US$) (BX.KLT.DINV.CD.DT)",Data on Foreign Direct Investment are based on Balance of Payments reported by the International Monetary Fund. Unless otherwise specified in the specific years.
Country-Series,Uganda (UGA),"External debt stocks, total (DOD, current US$) (DT.DOD.DECT.CD)",Long-term public and publicly guaranteed debt data for 2019 are based on reports provided by the country. Long-term private nonguaranteed and short-term debt data for 2019 are sourced by the Quarterly External Debt Statistics database (http://datatopics.worldbank.org/debt/qeds). Data include the effects of HIPC and MDRI debt relief.
Country-Series,Ukraine (UKR),"Foreign direct investment, net inflows in reporting economy (DRS, current US$) (BX.KLT.DINV.CD.DT)",Data on Foreign Direct Investment are based on Balance of Payments reported by the International Monetary Fund. Unless otherwise specified in the specific years.
Country-Series,Ukraine (UKR),"External debt stocks, total (DOD, current US$) (DT.DOD.DECT.CD)",Long-term public and publicly guaranteed and long-term private nonguaranteed debt data for 2019 are based on reports provided by the country. Short-term debt data for 2019 are sourced by the Quarterly External Debt Statistics database (http://datatopics.worldbank.org/debt/qeds).
Country-Series,Upper middle income (UMC),"Foreign direct investment, net inflows in reporting economy (DRS, current US$) (BX.KLT.DINV.CD.DT)",Data on Foreign Direct Investment are based on Balance of Payments reported by the International Monetary Fund. Unless otherwise specified in the specific years.
Country-Series,Uzbekistan (UZB),"Foreign direct investment, net inflows in reporting economy (DRS, current US$) (BX.KLT.DINV.CD.DT)",Data on Foreign Direct Investment are based on Balance of Payments reported by the International Monetary Fund. Unless otherwise specified in the specific years.
Country-Series,Uzbekistan (UZB),"External debt stocks, total (DOD, current US$) (DT.DOD.DECT.CD)",Long-term public and publicly guaranteed and long-term private nonguaranteed debt data for 2019 are based on reports provided by the country. Short-term debt data for 2019 is based on data from the BIS.
Country-Series,St. Vincent and the Grenadines (VCT),"Foreign direct investment, net inflows in reporting economy (DRS, current US$) (BX.KLT.DINV.CD.DT)",Data on Foreign Direct Investment are based on Balance of Payments reported by the International Monetary Fund. Unless otherwise specified in the specific years.
Country-Series,St. Vincent and the Grenadines (VCT),"External debt stocks, total (DOD, current US$) (DT.DOD.DECT.CD)","Long-term public and publicly guaranteed debt data for 2019 are based on reports provided by the country. Long-term private nonguaranteed debt data are not available. Short-term debt data are excluded since BIS data include debt liabilities of offshore centers located in the country. BIS short-term debt data for 2015, 2016, 2017, 2018 and 2019 are $676 million, $806 million, $787 million, $532 million, and $363 million respectively."
Country-Series,St. Vincent and the Grenadines (VCT),"External debt stocks, short-term (DOD, current US$) (DT.DOD.DSTC.CD)",Short-term debt data are excluded since BIS data include debt liabilities of offshore centers located in the country.
Country-Series,"Venezuela, RB (VEN)","Foreign direct investment, net inflows in reporting economy (DRS, current US$) (BX.KLT.DINV.CD.DT)",Data on Foreign Direct Investment are based on Balance of Payments reported by the International Monetary Fund. Unless otherwise specified in the specific years.
Country-Series,"Venezuela, RB (VEN)","External debt stocks, total (DOD, current US$) (DT.DOD.DECT.CD)",Long-term public and publicly guaranteed debt data for 2019 are World Bank staff estimates based on the original terms of the loans and creditors data. Long-term private nonguaranteed and short-term debt data for 2019 are World Bank staff estimates based on country reports.
Country-Series,Vietnam (VNM),"Foreign direct investment, net inflows in reporting economy (DRS, current US$) (BX.KLT.DINV.CD.DT)",Data on Foreign Direct Investment are based on Balance of Payments reported by the International Monetary Fund. Unless otherwise specified in the specific years.
Country-Series,Vietnam (VNM),"External debt stocks, total (DOD, current US$) (DT.DOD.DECT.CD)",Long-term public and publicly guaranteed debt data for 2019 are World Bank staff estimates based on the original terms of the loans. Long-term private nonguaranteed debt data for 2019 are based on reports provided by the country. Short-term debt data for 2019 are based on reports provided by the country.
Country-Series,Vanuatu (VUT),"Foreign direct investment, net inflows in reporting economy (DRS, current US$) (BX.KLT.DINV.CD.DT)",Data on Foreign Direct Investment are based on Balance of Payments reported by the International Monetary Fund. Unless otherwise specified in the specific years.
Country-Series,Vanuatu (VUT),"External debt stocks, total (DOD, current US$) (DT.DOD.DECT.CD)",Long-term public and publicly guaranteed debt data for 2019 are World Bank staff estimates based on the original terms of the loans. Long-term private nonguaranteed debt data are not available. Short-term debt for 2019 is based on data from the BIS.
Country-Series,Samoa (WSM),"Foreign direct investment, net inflows in reporting economy (DRS, current US$) (BX.KLT.DINV.CD.DT)",Data on Foreign Direct Investment are based on Balance of Payments reported by the International Monetary Fund. Unless otherwise specified in the specific years.
Country-Series,Samoa (WSM),"External debt stocks, total (DOD, current US$) (DT.DOD.DECT.CD)","Long-term public and publicly guaranteed debt data for 2019 are based on reports provided by the country. Long-term private nonguaranteed debt data are not available. Short-term debt data are excluded since BIS data include debt liabilities of offshore centers located in the country.  BIS short-term debt data for 2017, 2018 and 2019 are $4.2 billion, $4.4 billion, and $4.5 billion, respectively."
Country-Series,Samoa (WSM),"External debt stocks, short-term (DOD, current US$) (DT.DOD.DSTC.CD)",Short-term debt data are excluded since BIS data include debt liabilities of offshore centers located in the country.
Country-Series,Kosovo (XKX),"Foreign direct investment, net inflows in reporting economy (DRS, current US$) (BX.KLT.DINV.CD.DT)",Data on Foreign Direct Investment are based on Balance of Payments reported by the International Monetary Fund. Unless otherwise specified in the specific years.
Country-Series,Kosovo (XKX),"External debt stocks, total (DOD, current US$) (DT.DOD.DECT.CD)",Long-term public and publicly guaranteed and long-term private nonguaranteed debt data for 2019 are based on reports provided by the country. Short-term debt data for 2019 are sourced by the Quarterly External Debt Statistics database (http://datatopics.worldbank.org/debt/qeds).
Country-Series,"Yemen, Rep. (YEM)","Foreign direct investment, net inflows in reporting economy (DRS, current US$) (BX.KLT.DINV.CD.DT)",Data on Foreign Direct Investment are based on Balance of Payments reported by the International Monetary Fund. Unless otherwise specified in the specific years.
Country-Series,"Yemen, Rep. (YEM)","External debt stocks, total (DOD, current US$) (DT.DOD.DECT.CD)",Long-term public and publicly guaranteed debt data for 2019 are World Bank staff estimates based on the original terms of the loans. Long-term private nonguaranteed debt data are not available. Short-term debt for 2019 is based on data from the BIS.
Country-Series,South Africa (ZAF),"Foreign direct investment, net inflows in reporting economy (DRS, current US$) (BX.KLT.DINV.CD.DT)",Data on Foreign Direct Investment are based on Balance of Payments reported by the International Monetary Fund. Unless otherwise specified in the specific years.
Country-Series,South Africa (ZAF),"External debt stocks, total (DOD, current US$) (DT.DOD.DECT.CD)",Long-term public and publicly guaranteed and long-term private nonguaranteed debt data for 2019 are based on reports provided by the country. Short-term debt data for 2019 are sourced by the Quarterly External Debt Statistics database (http://datatopics.worldbank.org/debt/qeds).
Country-Series,Zambia (ZMB),"Foreign direct investment, net inflows in reporting economy (DRS, current US$) (BX.KLT.DINV.CD.DT)",Data on Foreign Direct Investment are based on Balance of Payments reported by the International Monetary Fund. Unless otherwise specified in the specific years.
Country-Series,Zambia (ZMB),"External debt stocks, total (DOD, current US$) (DT.DOD.DECT.CD)",Long-term public and publicly guaranteed debt data for 2019 are based on reports provided by the country. Long-term private nonguaranteed debt data for 2019 are sourced by the Quarterly External Debt Statistics database (http://datatopics.worldbank.org/debt/qeds). Short-term debt for 2019 is based on data from the BIS. The 2019 debt stock reflect new methodology and coverage of debt.
Country-Series,Zimbabwe (ZWE),"Foreign direct investment, net inflows in reporting economy (DRS, current US$) (BX.KLT.DINV.CD.DT)",Data on Foreign Direct Investment are based on Balance of Payments reported by the International Monetary Fund. Unless otherwise specified in the specific years.
Country-Series,Zimbabwe (ZWE),"External debt stocks, total (DOD, current US$) (DT.DOD.DECT.CD)",Long-term public and publicly guaranteed and long-term private nonguaranteed debt data for 2019 is based on reports provided by the country. Short-term debt for 2019 is based on data from the BIS.
